Lada,Estado,Ciudad_Region_Principal,Tipo,Confirmado_en_IFT_2026,Notas
33,Jalisco,Guadalajara,Metropolitana,Si,
55,Ciudad de Mexico,Ciudad de Mexico,Metropolitana,Si,
55,Estado de Mexico,Ciudad de Mexico,Metropolitana,Si,
56,Ciudad de Mexico,"Ciudad de Mexico (overlay de 55, celular)",Metropolitana,Si,
56,Estado de Mexico,"Ciudad de Mexico (overlay de 55, celular)",Metropolitana,Si,
81,Nuevo Leon,Monterrey,Metropolitana,Si,
220,Puebla,Chiautempan/Zacatelco (zona Puebla-Tlaxcala),Regional,Si,
221,Puebla,San Martin Texmelucan (zona),Regional,Si,
222,Puebla,Puebla,Regional,Si,
222,Tlaxcala,Puebla,Regional,Si,
223,Puebla,San Martin Texmelucan / Tlaxcala,Regional,Si,
223,Tlaxcala,San Martin Texmelucan / Tlaxcala,Regional,Si,
224,Puebla,Teziutlan,Regional,Si,
225,Veracruz,Martinez de la Torre,Regional,Si,
226,Puebla,Huauchinango / Gutierrez Zamora,Regional,Si,
226,Veracruz,Huauchinango / Gutierrez Zamora,Regional,Si,
227,Puebla,Ciudad Serdan,Regional,Si,
228,Veracruz,Xalapa,Regional,Si,
229,Veracruz,Veracruz (puerto),Regional,Si,
231,Puebla,Martinez de la Torre (zona),Regional,Si,
232,Puebla,Tuxpan,Regional,Si,
232,Veracruz,Tuxpan,Regional,Si,
233,Puebla,Poza Rica (zona),Regional,Si,
235,Veracruz,Perote,Regional,Si,
236,Oaxaca,Huatusco / Zacapoaxtla,Regional,Si,
236,Puebla,Huatusco / Zacapoaxtla,Regional,Si,
237,Puebla,Chignahuapan (zona Puebla),Regional,Si,
238,Puebla,Libres,Regional,Si,
241,Tlaxcala,Apizaco,Regional,Si,
243,Puebla,Tecamachalco,Regional,Si,
244,Puebla,Tehuacan (zona),Regional,Si,
245,Puebla,Acatzingo,Regional,Si,
246,Tlaxcala,Huamantla,Regional,Si,
247,Tlaxcala,Calpulalpan,Regional,Si,
248,Puebla,Zacatelco,Regional,Si,
248,Tlaxcala,Zacatelco,Regional,Si,
249,Puebla,Ciudad Serdan (zona),Regional,Si,
271,Veracruz,Cordoba,Regional,Si,
272,Veracruz,Orizaba,Regional,Si,
273,Puebla,San Andres Tuxtla,Regional,Si,
273,Veracruz,San Andres Tuxtla,Regional,Si,
274,Oaxaca,Coatepec,Regional,Si,
274,Veracruz,Coatepec,Regional,Si,
275,Puebla,Tehuacan,Regional,Si,
276,Puebla,Cosamaloapan,Regional,Si,
276,Tlaxcala,Cosamaloapan,Regional,Si,
278,Puebla,Playa Vicente,Regional,Si,
278,Veracruz,Playa Vicente,Regional,Si,
279,Veracruz,Cotaxtla,Regional,Si,
281,Oaxaca,Cosoleacaque,Regional,Si,
282,Puebla,Acayucan,Regional,Si,
282,Veracruz,Acayucan,Regional,Si,
283,Oaxaca,Coatzacoalcos,Regional,Si,
283,Veracruz,Coatzacoalcos,Regional,Si,
284,Veracruz,Minatitlan,Regional,Si,
285,Veracruz,Jaltipan (zona),Regional,Si,
287,Oaxaca,San Rafael,Regional,Si,
287,Veracruz,San Rafael,Regional,Si,
288,Veracruz,Jaltipan,Regional,Si,
294,Veracruz,Chignahuapan,Regional,Si,
296,Veracruz,Zongolica,Regional,Si,
297,Veracruz,Papantla,Regional,Si,
311,Nayarit,Tepic,Regional,Si,
312,Colima,Colima / Ciudad Guzman (compartido Colima-Jalisco),Regional,Si,
312,Jalisco,Colima / Ciudad Guzman (compartido Colima-Jalisco),Regional,Si,
313,Colima,Manzanillo / Zamora (compartido Colima-Michoacan),Regional,Si,
313,Michoacan,Manzanillo / Zamora (compartido Colima-Michoacan),Regional,Si,
314,Colima,Tecoman,Regional,Si,
315,Jalisco,Santiago Ixcuintla,Regional,Si,
316,Jalisco,Ixtlan del Rio,Regional,Si,
317,Jalisco,Autlan de Navarro,Regional,Si,
319,Nayarit,Rosamorada,Regional,Si,
321,Jalisco,Ciudad Guzman,Regional,Si,
322,Jalisco,Puerto Vallarta,Regional,Si,
322,Nayarit,Puerto Vallarta,Regional,Si,
323,Nayarit,Acaponeta,Regional,Si,
324,Nayarit,Escuinapa (zona Nayarit),Regional,Si,
325,Nayarit,Lagos de Moreno (zona Nayarit),Regional,Si,
326,Jalisco,San Juan de los Lagos,Regional,Si,
327,Nayarit,Tepatitlan de Morelos,Regional,Si,
328,Michoacan,Tamazula / La Piedad,Regional,Si,
329,Nayarit,Chapala,Regional,Si,
341,Jalisco,Zamora,Regional,Si,
342,Jalisco,La Piedad,Regional,Si,
343,Jalisco,Sahuayo,Regional,Si,
344,Jalisco,Tamazula de Gordiano,Regional,Si,
345,Jalisco,Jiquilpan,Regional,Si,
346,Jalisco,Ocotlan / Fresnillo (compartido Jalisco-Zacatecas),Regional,Si,
346,Zacatecas,Ocotlan / Fresnillo (compartido Jalisco-Zacatecas),Regional,Si,
347,Jalisco,Los Reyes de Salgado,Regional,Si,
348,Jalisco,Jocotepec,Regional,Si,
349,Jalisco,Jalpa,Regional,Si,
351,Michoacan,Zacapu,Regional,Si,
352,Guanajuato,Patzcuaro / Salvatierra (compartido Michoacan-Guanajuato),Regional,Si,
352,Michoacan,Patzcuaro / Salvatierra (compartido Michoacan-Guanajuato),Regional,Si,
353,Michoacan,Uruapan,Regional,Si,
354,Jalisco,Coalcoman / Ameca (compartido),Regional,Si,
354,Michoacan,Coalcoman / Ameca (compartido),Regional,Si,
355,Michoacan,Ciudad Hidalgo,Regional,Si,
356,Michoacan,Tacambaro,Regional,Si,
357,Jalisco,Puruandiro / Arandas (compartido),Regional,Si,
358,Jalisco,Zitacuaro / San Miguel el Alto (compartido),Regional,Si,
359,Michoacan,Huetamo,Regional,Si,
371,Jalisco,San Miguel el Alto,Regional,Si,
372,Jalisco,Arandas,Regional,Si,
373,Jalisco,Penjamo,Regional,Si,
374,Jalisco,Los Reyes,Regional,Si,
375,Jalisco,Yuriria,Regional,Si,
376,Jalisco,La Barca,Regional,Si,
377,Jalisco,Piedras Negras (Gto),Regional,Si,
378,Jalisco,Atotonilco el Alto,Regional,Si,
381,Michoacan,Angangueo / Maravatio,Regional,Si,
382,Jalisco,Ameca,Regional,Si,
383,Michoacan,Contepec / Tlazazalca,Regional,Si,
384,Jalisco,La Barca (zona),Regional,Si,
385,Jalisco,Salvatierra,Regional,Si,
386,Jalisco,Acambaro,Regional,Si,
387,Jalisco,Jaral del Progreso,Regional,Si,
388,Jalisco,Moroleon,Regional,Si,
389,Nayarit,Ixtlan del Rio (zona),Regional,Si,
391,Jalisco,Angangueo,Regional,Si,
392,Jalisco,Tuxpan (Michoacan),Regional,Si,
393,Jalisco,Zinapecuaro / Zamora (zona),Regional,Si,
393,Michoacan,Zinapecuaro / Zamora (zona),Regional,Si,
394,Michoacan,Tlalpujahua,Regional,Si,
395,Jalisco,San Jose Iturbide,Regional,Si,
411,Guanajuato,Comonfort,Regional,Si,
412,Guanajuato,San Miguel de Allende,Regional,Si,
413,Guanajuato,Dolores Hidalgo,Regional,Si,
414,Queretaro,San Juan del Rio,Regional,Si,
415,Guanajuato,San Miguel de Allende (centro),Regional,Si,
417,Guanajuato,San Felipe,Regional,Si,
418,Guanajuato,Fresnillo,Regional,Si,
419,Guanajuato,Rio Grande / Queretaro (compartido Zacatecas-Queretaro),Regional,Si,
419,Queretaro,Rio Grande / Queretaro (compartido Zacatecas-Queretaro),Regional,Si,
421,Guanajuato,Zapotlanejo / Epitacio Huerta (compartido Jalisco-Michoacan),Regional,Si,
421,Michoacan,Zapotlanejo / Epitacio Huerta (compartido Jalisco-Michoacan),Regional,Si,
422,Michoacan,Irapuato / Ario de Rosales (compartido),Regional,Si,
423,Michoacan,Sombrerete / Cheran (compartido Zacatecas-Michoacan),Regional,Si,
424,Jalisco,Valle de Santiago / Jilotlan de los Dolores,Regional,Si,
424,Michoacan,Valle de Santiago / Jilotlan de los Dolores,Regional,Si,
425,Michoacan,Abasolo,Regional,Si,
426,Michoacan,Cortazar,Regional,Si,
427,Estado de Mexico,"Tequisquiapan / Toluca (overlay, compartido Queretaro-Edomex)",Regional,Si,
427,Queretaro,"Tequisquiapan / Toluca (overlay, compartido Queretaro-Edomex)",Regional,Si,
428,Guanajuato,Doctor Mora,Regional,Si,
429,Guanajuato,Ciudad Fernandez / Rioverde (zona SLP-Gto limite),Regional,Si,
431,Jalisco,Zapotlanejo (zona),Regional,Si,
432,Guanajuato,Loreto (Gto),Regional,Si,
433,Zacatecas,Apatzingan,Regional,Si,
434,Michoacan,Aguililla,Regional,Si,
435,Michoacan,Huetamo (centro),Regional,Si,
436,Michoacan,Lazaro Cardenas,Regional,Si,
437,Jalisco,Nueva Italia / Jala (compartido Michoacan-Nayarit-Zacatecas),Regional,Si,
437,Nayarit,Nueva Italia / Jala (compartido Michoacan-Nayarit-Zacatecas),Regional,Si,
437,Zacatecas,Nueva Italia / Jala (compartido Michoacan-Nayarit-Zacatecas),Regional,Si,
438,Guanajuato,Buenavista Tomatlan,Regional,Si,
438,Michoacan,Buenavista Tomatlan,Regional,Si,
440,San Luis Potosi,Ciudad Fernandez (SLP),Regional,Si,
441,Hidalgo,Morelia / Queretaro (compartido),Regional,Si,
441,Queretaro,Morelia / Queretaro (compartido),Regional,Si,
442,Guanajuato,Queretaro,Regional,Si,
442,Queretaro,Queretaro,Regional,Si,
443,Michoacan,Morelia (centro),Regional,Si,
444,San Luis Potosi,San Luis Potosi,Regional,Si,
445,Guanajuato,Apaseo el Grande,Regional,Si,
446,Queretaro,Jalpan de Serra,Regional,Si,
447,Michoacan,Rincon de Romos,Regional,Si,
448,Queretaro,Amealco / Tamazunchale,Regional,Si,
449,Aguascalientes,Sin identificar - verificar IFT,Regional,Si,
450,San Luis Potosi / Aguascalientes,Ver nota - ciudad inferida,Regional (overlay probable),Si,"Zona limitrofe 449/451 (San Luis Potosi-Aguascalientes) - ciudad exacta sin confirmar, INFERENCIA por adyacencia"
451,Michoacan,Ciudad del Maiz,Regional,Si,
452,Michoacan,Cerritos,Regional,Si,
453,Michoacan,Salinas,Regional,Si,
454,Michoacan,Tierra Nueva,Regional,Si,
455,Michoacan,Villa de Ramos,Regional,Si,
456,Guanajuato,Charcas,Regional,Si,
457,Jalisco,Jerez (zona Zacatecas-Jalisco),Regional,Si,
457,Zacatecas,Jerez (zona Zacatecas-Jalisco),Regional,Si,
458,Aguascalientes,Guadalcazar (SLP/Ags/Zac limite),Regional,Si,
458,San Luis Potosi,Guadalcazar (SLP/Ags/Zac limite),Regional,Si,
458,Zacatecas,Guadalcazar (SLP/Ags/Zac limite),Regional,Si,
459,Michoacan,Concepcion del Oro,Regional,Si,
461,Guanajuato,Celaya,Regional,Si,
462,Guanajuato,Irapuato,Regional,Si,
463,Zacatecas,Jerez de Garcia Salinas,Regional,Si,
464,Guanajuato,Salamanca,Regional,Si,
465,Aguascalientes,Pabellon de Arteaga,Regional,Si,
466,Guanajuato,Apaseo el Alto,Regional,Si,
467,Zacatecas,Villagran / Sombrerete (compartido Gto-Zac),Regional,Si,
468,Guanajuato,Villagran,Regional,Si,
469,Guanajuato,Zacatecas,Regional,Si,
471,Michoacan,Leon (zona) / Morelia (limite),Regional,Si,
472,Guanajuato,Silao,Regional,Si,
473,Guanajuato,Guanajuato (capital),Regional,Si,
474,Jalisco,Jesus Maria,Regional,Si,
475,Jalisco,Encarnacion de Diaz,Regional,Si,
476,Guanajuato,San Francisco del Rincon,Regional,Si,
477,Guanajuato,Leon,Regional,Si,
478,Zacatecas,Ojocaliente,Regional,Si,
479,Guanajuato,Yuriria (zona),Regional,Si,
481,San Luis Potosi,Ciudad Valles,Regional,Si,
482,San Luis Potosi,Ebano / Xicotencatl (compartido SLP-Tamaulipas),Regional,Si,
482,Tamaulipas,Ebano / Xicotencatl (compartido SLP-Tamaulipas),Regional,Si,
483,Hidalgo,Xilitla,Regional,Si,
483,San Luis Potosi,Xilitla,Regional,Si,
485,San Luis Potosi,Rioverde,Regional,Si,
486,San Luis Potosi,Ciudad Mante,Regional,Si,
487,Queretaro,Aquismon / Amealco (compartido SLP-Queretaro),Regional,Si,
487,San Luis Potosi,Aquismon / Amealco (compartido SLP-Queretaro),Regional,Si,
488,Nuevo Leon,Huejutla de Reyes,Regional,Si,
488,San Luis Potosi,Huejutla de Reyes,Regional,Si,
489,San Luis Potosi,Nochistlan (compartido Zac-Ver),Regional,Si,
489,Veracruz,Nochistlan (compartido Zac-Ver),Regional,Si,
492,Zacatecas,Zacatecas (capital),Regional,Si,
493,Zacatecas,Villanueva,Regional,Si,
494,Zacatecas,Jerez,Regional,Si,
495,Aguascalientes,Calvillo,Regional,Si,
495,Jalisco,Calvillo,Regional,Si,
496,Aguascalientes,Tlaltenango (compartido Ags-Jal-Zac),Regional,Si,
496,Jalisco,Tlaltenango (compartido Ags-Jal-Zac),Regional,Si,
496,San Luis Potosi,Tlaltenango (compartido Ags-Jal-Zac),Regional,Si,
496,Zacatecas,Tlaltenango (compartido Ags-Jal-Zac),Regional,Si,
498,Zacatecas,Rio Grande (centro Zac),Regional,Si,
499,Jalisco,Juchipila (compartido Jal-Zac),Regional,Si,
499,Zacatecas,Juchipila (compartido Jal-Zac),Regional,Si,
588,Estado de Mexico,Chapa de Mota (Edomex),Regional,Si,
591,Estado de Mexico,"Ixtlahuaca (Edomex) / Tulancingo (Hidalgo, compartido)",Regional,Si,
591,Hidalgo,"Ixtlahuaca (Edomex) / Tulancingo (Hidalgo, compartido)",Regional,Si,
592,Estado de Mexico,San Felipe del Progreso,Regional,Si,
593,Estado de Mexico,Jocotitlan,Regional,Si,
594,Estado de Mexico,Villa Victoria,Regional,Si,
595,Estado de Mexico,San Martin de las Piramides,Regional,Si,
596,Estado de Mexico,Zumpango,Regional,Si,
597,Estado de Mexico,Apan,Regional,Si,
599,Estado de Mexico,Actopan,Regional,Si,
612,Baja California Sur,La Paz,Regional,Si,
613,Baja California Sur,Ciudad Constitucion,Regional,Si,
614,Chihuahua,Chihuahua,Regional,Si,
615,Baja California Sur,Loreto,Regional,Si,
616,Baja California,San Luis Rio Colorado,Regional,Si,
618,Durango,Durango,Regional,Si,
621,Chihuahua,Navojoa,Regional,Si,
622,Sonora,Guaymas,Regional,Si,
623,Sonora,Caborca,Regional,Si,
624,Baja California Sur,San Jose del Cabo / Cabo San Lucas,Regional,Si,
625,Chihuahua,Ojinaga,Regional,Si,
626,Chihuahua,Camargo,Regional,Si,
627,Chihuahua,Guasave,Regional,Si,
628,Chihuahua,Cananea,Regional,Si,
629,Chihuahua,Angostura (compartido Sin-Chih-Dgo),Regional,Si,
629,Durango,Angostura (compartido Sin-Chih-Dgo),Regional,Si,
631,Sonora,Nogales,Regional,Si,
632,Sonora,Nuevo Casas Grandes,Regional,Si,
633,Sonora,Cuauhtemoc,Regional,Si,
634,Sonora,Agua Prieta,Regional,Si,
635,Chihuahua,Delicias,Regional,Si,
636,Chihuahua,Jimenez,Regional,Si,
637,Sonora,Guamuchil,Regional,Si,
638,Sonora,Huatabampo,Regional,Si,
639,Chihuahua,Etchojoa,Regional,Si,
641,Sonora,El Fuerte,Regional,Si,
642,Sonora,Empalme,Regional,Si,
643,Sonora,Magdalena de Kino,Regional,Si,
644,Sonora,Los Mochis,Regional,Si,
645,Sonora,Santiago Papasquiaro,Regional,Si,
646,Baja California,Ensenada,Regional,Si,
647,Sonora,Guachochi,Regional,Si,
648,Chihuahua,Choix,Regional,Si,
649,Chihuahua,Angostura / Canatlan (compartido),Regional,Si,
649,Durango,Angostura / Canatlan (compartido),Regional,Si,
651,Sonora,San Quintin,Regional,Si,
652,Chihuahua,Santa Ana,Regional,Si,
653,Baja California,Colonet / Tecate (compartido BC-Son),Regional,Si,
653,Sonora,Colonet / Tecate (compartido BC-Son),Regional,Si,
656,Chihuahua,Ciudad Juarez,Regional,Si,
657,Chihuahua,Nuevo Casas Grandes (zona),Regional,Si,
658,Baja California,Guerrero Negro (BC),Regional,Si,
659,Chihuahua,Sonoyta,Regional,Si,
660,Baja California,Ver nota - ciudad inferida,Regional (overlay probable),Si,"Posible overlay de la zona Tijuana/Ensenada (adyacente a 659/661) - INFERENCIA por adyacencia, verificar"
661,Baja California,Tecate (zona),Regional,Si,
662,Sonora,Hermosillo,Regional,Si,
663,Baja California,Playas de Rosarito,Regional,Si,
664,Baja California,Tijuana,Regional,Si,
665,Baja California,Tecate,Regional,Si,
667,Sinaloa,Culiacan,Regional,Si,
668,Sinaloa,Topolobampo,Regional,Si,
669,Sinaloa,Mazatlan,Regional,Si,
671,Coahuila,Costa Rica-Ahome (compartido Sin-Coah-Dgo),Regional,Si,
671,Durango,Costa Rica-Ahome (compartido Sin-Coah-Dgo),Regional,Si,
672,Sinaloa,Salvador Alvarado,Regional,Si,
673,Sinaloa,Sinaloa de Leyva,Regional,Si,
674,Durango,Canatlan,Regional,Si,
675,Durango,Guadalupe Victoria,Regional,Si,
676,Durango,Vicente Guerrero,Regional,Si,
677,Durango,El Salto,Regional,Si,
686,Baja California,Mexicali,Regional,Si,
687,Sinaloa,San Felipe (zona) / Sinaloa (compartido BC-Sin),Regional,Si,
694,Sinaloa,Guadalupe y Calvo,Regional,Si,
695,Sinaloa,Sinaloa (zona),Regional,Si,
696,Sinaloa,Sinaloa (zona),Regional,Si,
697,Sinaloa,Sinaloa (zona),Regional,Si,
698,Sinaloa,Sinaloa (zona),Regional,Si,
711,Estado de Mexico,Tenancingo / Angangueo (Edomex-Michoacan compartido),Regional,Si,
711,Michoacan,Tenancingo / Angangueo (Edomex-Michoacan compartido),Regional,Si,
712,Estado de Mexico,Ixtapan de la Sal,Regional,Si,
713,Estado de Mexico,Valle de Bravo,Regional,Si,
714,Estado de Mexico,Atlacomulco,Regional,Si,
715,Michoacan,Michoacan (zona),Regional,Si,
716,Estado de Mexico,El Oro,Regional,Si,
717,Estado de Mexico,Sultepec,Regional,Si,
718,Estado de Mexico,Temascaltepec,Regional,Si,
719,Estado de Mexico,Coatepec Harinas,Regional,Si,
720,Estado de Mexico,Ver nota - ciudad inferida,Regional (overlay probable),Si,"Muy probable overlay adicional de Toluca (722/729 ya son overlays de Toluca) - INFERENCIA por adyacencia, verificar"
721,Estado de Mexico,Metepec/Zinacantepec (Edomex) / zona Guerrero,Regional,Si,
721,Guerrero,Metepec/Zinacantepec (Edomex) / zona Guerrero,Regional,Si,
722,Estado de Mexico,Toluca,Regional,Si,
723,Estado de Mexico,Tejupilco,Regional,Si,
724,Estado de Mexico,Ciudad Altamirano,Regional,Si,
725,Estado de Mexico,Almoloya de Juarez,Regional,Si,
726,Estado de Mexico,Lerma,Regional,Si,
727,Guerrero,Iguala,Regional,Si,
728,Estado de Mexico,Tenango del Valle,Regional,Si,
729,Estado de Mexico,Taxco,Regional,Si,
731,Morelos,Jojutla,Regional,Si,
732,Guerrero,Yautepec,Regional,Si,
733,Guerrero,Guerrero (zona Ixtapan del Oro),Regional,Si,
734,Morelos,Tepoztlan,Regional,Si,
735,Morelos,Cuautla,Regional,Si,
736,Guerrero,Zumpango del Rio (Guerrero),Regional,Si,
737,Morelos,Tetecala,Regional,Si,
738,Hidalgo,Tlapa de Comonfort (Hidalgo/Guerrero compartido),Regional,Si,
739,Morelos,Chilapa de Alvarez,Regional,Si,
741,Guerrero,Acapulco,Regional,Si,
741,Oaxaca,Acapulco,Regional,Si,
742,Guerrero,Ometepec,Regional,Si,
743,Estado de Mexico,Zihuatanejo / Toluca zona (compartido),Regional,Si,
743,Hidalgo,Zihuatanejo / Toluca zona (compartido),Regional,Si,
744,Guerrero,Acapulco (centro),Regional,Si,
745,Guerrero,Coyuca de Benitez,Regional,Si,
746,Hidalgo,Izucar de Matamoros (Puebla/Guerrero/Veracruz compartido),Regional,Si,
746,Puebla,Izucar de Matamoros (Puebla/Guerrero/Veracruz compartido),Regional,Si,
746,Veracruz,Izucar de Matamoros (Puebla/Guerrero/Veracruz compartido),Regional,Si,
747,Guerrero,Chilpancingo,Regional,Si,
748,Hidalgo,Tecpan de Galeana,Regional,Si,
748,Tlaxcala,Tecpan de Galeana,Regional,Si,
749,Tlaxcala,Atoyac de Alvarez / Zacatelco (Tlaxcala compartido),Regional,Si,
751,Estado de Mexico,Pachuca / Cuernavaca (compartido Hidalgo-Morelos),Regional,Si,
751,Morelos,Pachuca / Cuernavaca (compartido Hidalgo-Morelos),Regional,Si,
753,Guerrero,Teloloapan,Regional,Si,
753,Michoacan,Teloloapan,Regional,Si,
754,Guerrero,Petatlan,Regional,Si,
755,Guerrero,Ciudad Altamirano (zona),Regional,Si,
756,Guerrero,Tulancingo,Regional,Si,
757,Guerrero,Tizayuca (zona) / Oaxaca (compartido),Regional,Si,
757,Oaxaca,Tizayuca (zona) / Oaxaca (compartido),Regional,Si,
758,Guerrero,Zimapan,Regional,Si,
759,Hidalgo,Metztitlan,Regional,Si,
761,Estado de Mexico,Tula de Allende,Regional,Si,
761,Hidalgo,Tula de Allende,Regional,Si,
762,Guerrero,Zacualtipan,Regional,Si,
763,Hidalgo,Huichapan,Regional,Si,
764,Puebla,Tepeji del Rio (Hidalgo) / zona Puebla,Regional,Si,
765,Veracruz,Jacala,Regional,Si,
766,Veracruz,Sin identificar - verificar IFT,Regional,Si,
767,Estado de Mexico,Zacapoaxtla / Michoacan-Guerrero-Edomex (compartido),Regional,Si,
767,Guerrero,Zacapoaxtla / Michoacan-Guerrero-Edomex (compartido),Regional,Si,
767,Michoacan,Zacapoaxtla / Michoacan-Guerrero-Edomex (compartido),Regional,Si,
768,Veracruz,Chignahuapan (zona),Regional,Si,
769,Morelos,Morelos (zona),Regional,Si,
770,Hidalgo,Ver nota - ciudad inferida,Regional (overlay probable),Si,"Muy probable overlay de Pachuca (771) - INFERENCIA por adyacencia, verificar"
771,Hidalgo,Pachuca (centro),Regional,Si,
772,Hidalgo,Actopan (zona),Regional,Si,
773,Hidalgo,Tulancingo (zona),Regional,Si,
774,Hidalgo,Ixmiquilpan (zona),Regional,Si,
774,Veracruz,Ixmiquilpan (zona),Regional,Si,
775,Hidalgo,Progreso de Obregon,Regional,Si,
776,Hidalgo,Huauchinango (zona Hidalgo-Puebla),Regional,Si,
776,Puebla,Huauchinango (zona Hidalgo-Puebla),Regional,Si,
777,Morelos,Sin identificar - verificar IFT,Regional,Si,
778,Hidalgo,Zacatlan (zona),Regional,Si,
779,Hidalgo,Tizayuca,Regional,Si,
781,Guerrero,Izucar de Matamoros (zona Guerrero),Regional,Si,
782,Veracruz,Poza Rica,Regional,Si,
783,Veracruz,Acatlan de Osorio,Regional,Si,
784,Veracruz,Alamo Temapache,Regional,Si,
785,Veracruz,Chiautla,Regional,Si,
786,Michoacan,Tlacotepec (Michoacan),Regional,Si,
789,Hidalgo,Naranjos Amatlan / Tempoal (compartido),Regional,Si,
789,Veracruz,Naranjos Amatlan / Tempoal (compartido),Regional,Si,
791,Hidalgo,Ixtlahuaca (Hidalgo zona),Regional,Si,
797,Puebla,Chiautla (zona Puebla),Regional,Si,
821,Nuevo Leon,Linares,Regional,Si,
823,Nuevo Leon,China / San Fernando (compartido NL-Tam),Regional,Si,
824,Nuevo Leon,Piedras Negras,Regional,Si,
825,Nuevo Leon,Nueva Rosita,Regional,Si,
826,Nuevo Leon,Sabinas,Regional,Si,
828,Nuevo Leon,Ciudad Acuna,Regional,Si,
829,Nuevo Leon,Cerralvo,Regional,Si,
831,Tamaulipas,Monclova (zona) / Fortines-Tamaulipas (compartido),Regional,Si,
832,Tamaulipas,Jaumave (Tam),Regional,Si,
833,Tamaulipas,Tampico,Regional,Si,
833,Veracruz,Tampico,Regional,Si,
834,Tamaulipas,Ciudad Victoria,Regional,Si,
835,Tamaulipas,Frontera (Coahuila),Regional,Si,
836,Tamaulipas,Aldama (Tam),Regional,Si,
841,Tamaulipas,Torreon (zona) / Xicotencatl (Tam compartido),Regional,Si,
842,Coahuila,Parras de la Fuente / Zacatecas (compartido Coah-Zac),Regional,Si,
842,Zacatecas,Parras de la Fuente / Zacatecas (compartido Coah-Zac),Regional,Si,
844,Coahuila,Saltillo,Regional,Si,
845,San Luis Potosi,Ramos Arizpe / San Luis Potosi (compartido),Regional,Si,
846,Veracruz,Gonzalez (Ver),Regional,Si,
861,Coahuila,Nogales (zona Coahuila),Regional,Si,
862,Coahuila,Monclova,Regional,Si,
864,Coahuila,Piedras Negras (zona),Regional,Si,
866,Coahuila,Torreon (celular),Regional,Si,
867,Coahuila,Nuevo Laredo / Reynosa (compartido Tam-NL-Coah),Regional,Si,
867,Nuevo Leon,Nuevo Laredo / Reynosa (compartido Tam-NL-Coah),Regional,Si,
867,Tamaulipas,Nuevo Laredo / Reynosa (compartido Tam-NL-Coah),Regional,Si,
868,Tamaulipas,Matamoros,Regional,Si,
869,Coahuila,Rio Bravo (zona),Regional,Si,
870,Coahuila / Durango,Ver nota - ciudad inferida,Regional (overlay probable),Si,"Muy probable overlay de Torreon / Comarca Lagunera (871, ya saturada) - INFERENCIA por adyacencia, verificar"
871,Coahuila,"Torreon (Comarca Lagunera, compartido Coah-Dgo)",Regional,Si,
871,Durango,"Torreon (Comarca Lagunera, compartido Coah-Dgo)",Regional,Si,
872,Coahuila,San Pedro de las Colonias (compartido Coah-Dgo),Regional,Si,
872,Durango,San Pedro de las Colonias (compartido Coah-Dgo),Regional,Si,
873,Coahuila,Viesca / Nuevo Leon (compartido),Regional,Si,
873,Nuevo Leon,Viesca / Nuevo Leon (compartido),Regional,Si,
877,Coahuila,Sabinas (zona),Regional,Si,
878,Coahuila,Allende (Coahuila),Regional,Si,
891,Tamaulipas,Ciudad Miguel Aleman,Regional,Si,
892,Nuevo Leon,Nuevo Progreso / Nuevo Leon (compartido),Regional,Si,
894,Tamaulipas,San Fernando (zona),Regional,Si,
897,Tamaulipas,Abasolo (Tam),Regional,Si,
899,Tamaulipas,Reynosa,Regional,Si,
913,Campeche,Ciudad del Carmen (zona) / Villahermosa (compartido Camp-Tab),Regional,Si,
913,Tabasco,Ciudad del Carmen (zona) / Villahermosa (compartido Camp-Tab),Regional,Si,
914,Tabasco,Tabasco (zona),Regional,Si,
916,Chiapas,Palenque,Regional,Si,
917,Chiapas,Pichucalco / Huimanguillo (compartido Chis-Tab),Regional,Si,
917,Tabasco,Pichucalco / Huimanguillo (compartido Chis-Tab),Regional,Si,
918,Chiapas,Comitan de Dominguez,Regional,Si,
919,Chiapas,Villaflores,Regional,Si,
921,Veracruz,Coatzacoalcos (zona rural),Regional,Si,
922,Veracruz,Cardenas (Tab),Regional,Si,
923,Tabasco,Comalcalco / Las Choapas (compartido Tab-Ver),Regional,Si,
923,Veracruz,Comalcalco / Las Choapas (compartido Tab-Ver),Regional,Si,
924,Oaxaca,Macuspana / Cosamaloapan (compartido),Regional,Si,
924,Veracruz,Macuspana / Cosamaloapan (compartido),Regional,Si,
932,Chiapas,Arriaga / Cardenas (compartido Chis-Tab),Regional,Si,
932,Tabasco,Arriaga / Cardenas (compartido Chis-Tab),Regional,Si,
933,Tabasco,Huimanguillo,Regional,Si,
934,Chiapas,Teapa / Villaflores (compartido),Regional,Si,
934,Tabasco,Teapa / Villaflores (compartido),Regional,Si,
936,Tabasco,Matias Romero (Oax) / Tabasco,Regional,Si,
937,Tabasco,Salina Cruz / Tabasco,Regional,Si,
938,Campeche,Ciudad del Carmen,Regional,Si,
951,Oaxaca,Oaxaca de Juarez,Regional,Si,
953,Oaxaca,Huajuapan de Leon,Regional,Si,
953,Puebla,Huajuapan de Leon,Regional,Si,
954,Oaxaca,Puerto Escondido,Regional,Si,
958,Oaxaca,Juchitan de Zaragoza,Regional,Si,
960,Chiapas,Ver nota - ciudad inferida,Regional (overlay probable),Si,"Muy probable overlay de Tuxtla Gutierrez (961) - INFERENCIA por adyacencia, verificar"
961,Chiapas,Tuxtla Gutierrez,Regional,Si,
962,Chiapas,San Cristobal de las Casas,Regional,Si,
963,Chiapas,Tapachula (zona),Regional,Si,
964,Chiapas,Motozintla,Regional,Si,
965,Chiapas,Comitan (zona),Regional,Si,
966,Chiapas,Tonala (Chis),Regional,Si,
967,Chiapas,San Cristobal de las Casas (centro),Regional,Si,
968,Chiapas,Cintalapa,Regional,Si,
969,Yucatan,Pinotepa Nacional,Regional,Si,
971,Oaxaca,Miahuatlan de Porfirio Diaz,Regional,Si,
972,Oaxaca,Tlaxiaco,Regional,Si,
981,Campeche,Campeche,Regional,Si,
982,Campeche,Champoton,Regional,Si,
983,Campeche,Chetumal / Campeche (zona compartida),Regional,Si,
983,Quintana Roo,Chetumal / Campeche (zona compartida),Regional,Si,
984,Quintana Roo,Playa del Carmen,Regional,Si,
985,Yucatan,Tizimin,Regional,Si,
986,Yucatan,Escarcega (Camp) / Yucatan,Regional,Si,
987,Quintana Roo,Cozumel,Regional,Si,
988,Yucatan,Ticul,Regional,Si,
990,Yucatan,Yucatan (zona),Regional,Si,
991,Yucatan,Valladolid,Regional,Si,
992,Chiapas,Cancun (zona rural) / Chiapas (compartido),Regional,Si,
993,Tabasco,Villahermosa,Regional,Si,
994,Chiapas,Ixtepec / Oaxaca-Chiapas,Regional,Si,
994,Oaxaca,Ixtepec / Oaxaca-Chiapas,Regional,Si,
995,Oaxaca,Tehuantepec,Regional,Si,
996,Campeche,Calkini,Regional,Si,
997,Quintana Roo,Progreso / Quintana Roo (compartido),Regional,Si,
997,Yucatan,Progreso / Quintana Roo (compartido),Regional,Si,
998,Quintana Roo,Cancun,Regional,Si,
999,Yucatan,Merida,Regional,Si,
